Molecule,Best_Score,Second_Score,Third_Score,Status,Timestamp
molecule_01,ERROR,ERROR,ERROR,File_Not_Found,Wed Jul 30 16:18:06 KST 2025
molecule_02,ERROR,ERROR,ERROR,File_Not_Found,Wed Jul 30 16:18:06 KST 2025
molecule_03,ERROR,ERROR,ERROR,File_Not_Found,Wed Jul 30 16:18:06 KST 2025
molecule_04,ERROR,ERROR,ERROR,File_Not_Found,Wed Jul 30 16:18:06 KST 2025
molecule_05,ERROR,ERROR,ERROR,File_Not_Found,Wed Jul 30 16:18:06 KST 2025
molecule_06,ERROR,ERROR,ERROR,File_Not_Found,Wed Jul 30 16:18:06 KST 2025
molecule_07,ERROR,ERROR,ERROR,File_Not_Found,Wed Jul 30 16:18:06 KST 2025
molecule_08,ERROR,ERROR,ERROR,File_Not_Found,Wed Jul 30 16:18:06 KST 2025
molecule_09,ERROR,ERROR,ERROR,File_Not_Found,Wed Jul 30 16:18:06 KST 2025
molecule_10,ERROR,ERROR,ERROR,File_Not_Found,Wed Jul 30 16:18:06 KST 2025
molecule_11,ERROR,ERROR,ERROR,File_Not_Found,Wed Jul 30 16:18:06 KST 2025
molecule_12,ERROR,ERROR,ERROR,File_Not_Found,Wed Jul 30 16:18:06 KST 2025
molecule_13,ERROR,ERROR,ERROR,File_Not_Found,Wed Jul 30 16:18:06 KST 2025
molecule_14,ERROR,ERROR,ERROR,File_Not_Found,Wed Jul 30 16:18:06 KST 2025
molecule_15,ERROR,ERROR,ERROR,File_Not_Found,Wed Jul 30 16:18:06 KST 2025
molecule_16,ERROR,ERROR,ERROR,File_Not_Found,Wed Jul 30 16:18:06 KST 2025
molecule_17,ERROR,ERROR,ERROR,File_Not_Found,Wed Jul 30 16:18:06 KST 2025
molecule_18,ERROR,ERROR,ERROR,File_Not_Found,Wed Jul 30 16:18:06 KST 2025
molecule_19,ERROR,ERROR,ERROR,File_Not_Found,Wed Jul 30 16:18:06 KST 2025
molecule_20,ERROR,ERROR,ERROR,File_Not_Found,Wed Jul 30 16:18:06 KST 2025
molecule_21,ERROR,ERROR,ERROR,File_Not_Found,Wed Jul 30 16:18:06 KST 2025
molecule_22,ERROR,ERROR,ERROR,File_Not_Found,Wed Jul 30 16:18:06 KST 2025
molecule_23,ERROR,ERROR,ERROR,File_Not_Found,Wed Jul 30 16:18:06 KST 2025
